{"cameraMode":{"drawMode":0,"name":"Shaded","section":"Shading Mode"},"sceneLighting":false,"audioPlay":false,"sceneViewState":{"showFog":false,"showMaterialUpdate":false,"showSkybox":false,"showFlares":false,"showImageEffects":false,"showParticleSystems":false},"in2DMode":false,"pivot":{"x":16.0,"y":1.0799999237060547,"z":-13.126999855041504},"rotation":{"x":0.0015731054591014982,"y":0.9809556603431702,"z":-0.194062739610672,"w":0.007951508276164532},"size":4.439117908477783,"orthographic":false}