{"cameraMode":{"drawMode":0,"name":"Shaded","section":"Shading Mode"},"sceneLighting":false,"audioPlay":false,"sceneViewState":{"showFog":false,"showMaterialUpdate":false,"showSkybox":false,"showFlares":false,"showImageEffects":false,"showParticleSystems":false},"in2DMode":false,"pivot":{"x":10.362360954284668,"y":2.1584694385528566,"z":-8.996315956115723},"rotation":{"x":0.06697271019220352,"y":-0.8834397196769714,"z":-0.13320475816726685,"w":-0.4441908001899719},"size":0.4286819398403168,"orthographic":false}