{"cameraMode":{"drawMode":0,"name":"Shaded","section":"Shading Mode"},"sceneLighting":false,"audioPlay":false,"sceneViewState":{"showFog":false,"showMaterialUpdate":false,"showSkybox":false,"showFlares":false,"showImageEffects":false,"showParticleSystems":false},"in2DMode":false,"pivot":{"x":0.3782815933227539,"y":0.8809266090393066,"z":-0.36325979232788088},"rotation":{"x":0.061996057629585269,"y":0.9279086589813232,"z":-0.17923273146152497,"w":0.3209638297557831},"size":5.772171974182129,"orthographic":false}