{"cameraMode":{"drawMode":0,"name":"Shaded","section":"Shading Mode"},"sceneLighting":false,"audioPlay":false,"sceneViewState":{"showFog":false,"showMaterialUpdate":false,"showSkybox":false,"showFlares":false,"showImageEffects":false,"showParticleSystems":false},"in2DMode":false,"pivot":{"x":-0.3438554108142853,"y":11.857555389404297,"z":-5.2112717628479},"rotation":{"x":-0.02252066694200039,"y":-0.7067695260047913,"z":0.022516781464219095,"w":-0.7067267894744873},"size":6.757885456085205,"orthographic":false}