{"cameraMode":{"drawMode":0,"name":"Shaded","section":"Shading Mode"},"sceneLighting":false,"audioPlay":false,"sceneViewState":{"showFog":false,"showMaterialUpdate":false,"showSkybox":false,"showFlares":false,"showImageEffects":false,"showParticleSystems":false},"in2DMode":false,"pivot":{"x":0.4490523338317871,"y":1.357825517654419,"z":-1.6977667808532715},"rotation":{"x":-0.01273747906088829,"y":-0.9837878346443176,"z":0.0777907595038414,"w":-0.16108359396457673},"size":4.297975063323975,"orthographic":false}