{"cameraMode":{"drawMode":0,"name":"Shaded","section":"Shading Mode"},"sceneLighting":false,"audioPlay":false,"sceneViewState":{"showFog":false,"showMaterialUpdate":false,"showSkybox":false,"showFlares":false,"showImageEffects":false,"showParticleSystems":false},"in2DMode":false,"pivot":{"x":-1.6046686172485352,"y":8.512944221496582,"z":-2.8176116943359377},"rotation":{"x":-0.0003933545667678118,"y":-0.9993671774864197,"z":-0.011644942685961724,"w":0.03360888361930847},"size":84.8878402709961,"orthographic":false}